year,round,pick,overall_pick,owner_id,drafting_team,player,position,nfl_team,image_path
2025,1,1,1,Gary,Gary,Bijan Robinson,RB,,,
2025,1,2,2,Kyle,Kyle,Ja'Marr Chase,WR,,,
2025,1,3,3,Jake,Jake,Justin Jefferson,WR,,,
2025,1,4,4,Muffin,Muffin,Saquon Barkley,RB,,,
2025,1,5,5,Bard,Bard,CeeDee Lamb,WR,,,
2025,1,6,6,Sco,Sco,Jahmyr Gibbs,RB,,,
2025,1,7,7,Hunter,Hunter,Malik Nabers,WR,,,
2025,1,8,8,Miner,Miner,Ashton Jeanty,RB,,,
2025,2,1,9,Miner,Miner,Amon-Ra St. Brown,WR,,,
2025,2,2,10,Hunter,Hunter,De'Von Achane,RB,,,
2025,2,3,11,Sco,Sco,Nico Collins,WR,,,
2025,2,4,12,Bard,Bard,Puka Nacua,WR,,,
2025,2,5,13,Muffin,Muffin,Christian McCaffrey,RB,,,
2025,2,6,14,Jake,Jake,Derrick Henry,RB,,,
2025,2,7,15,Kyle,Kyle,Jonathan Taylor,RB,,,
2025,2,8,16,Gary,Gary,Josh Jacobs,RB,,,
2025,3,1,17,Gary,Gary,A.J. Brown,WR,,,
2025,3,2,18,Kyle,Kyle,Trey McBride,TE,,,
2025,3,3,19,Jake,Jake,Brian Thomas,WR,,,
2025,3,4,20,Muffin,Muffin,Brock Bowers,TE,,,
2025,3,5,21,Bard,Bard,Tyreek Hill,WR,,,
2025,3,6,22,Sco,Sco,Chase Brown,RB,,,
2025,3,7,23,Hunter,Hunter,Drake London,WR,,,
2025,3,8,24,Miner,Miner,Bucky Irving,RB,,,
2025,4,1,25,Miner,Miner,Ladd McConkey,WR,,,
2025,4,2,26,Hunter,Hunter,James Cook,RB,,,
2025,4,3,27,Sco,Sco,George Kittle,TE,,,
2025,4,4,28,Bard,Bard,Kyren Williams,RB,,,
2025,4,5,29,Muffin,Muffin,Tee Higgins,WR,,,
2025,4,6,30,Jake,Jake,Josh Allen,QB,,,
2025,4,7,31,Kyle,Kyle,Lamar Jackson,QB,,,
2025,4,8,32,Gary,Gary,Joe Burrow,QB,,,
2025,5,1,33,Gary,Gary,Davante Adams,WR,,,
2025,5,2,34,Kyle,Kyle,Alvin Kamara,RB,,,
2025,5,3,35,Jake,Jake,Omarion Hampton,RB,,,
2025,5,4,36,Muffin,Muffin,Jayden Daniels,QB,,,
2025,5,5,37,Bard,Bard,Jalen Hurts,QB,,,
2025,5,6,38,Sco,Sco,Terry McLaurin,WR,,,
2025,5,7,39,Hunter,Hunter,Jaxon Smith-Njigba,WR,,,
2025,5,8,40,Miner,Miner,Mike Evans,WR,,,
2025,6,1,41,Miner,Miner,Baker Mayfield,QB,,,
2025,6,2,42,Hunter,Hunter,TreVeyon Henderson,RB,,,
2025,6,3,43,Sco,Sco,Patrick Mahomes,QB,,,
2025,6,4,44,Bard,Bard,Breece Hall,RB,,,
2025,6,5,45,Muffin,Muffin,Kenneth Walker,RB,,,
2025,6,6,46,Jake,Jake,Sam LaPorta,TE,,,
2025,6,7,47,Kyle,Kyle,Xavier Worthy,WR,,,
2025,6,8,48,Gary,Gary,DK Metcalf,WR,,,
2025,7,1,49,Gary,Gary,Chuba Hubbard,RB,,,
2025,7,2,50,Kyle,Kyle,Marvin Harrison,WR,,,
2025,7,3,51,Jake,Jake,Garrett Wilson,WR,,,
2025,7,4,52,Muffin,Muffin,DJ Moore,WR,,,
2025,7,5,53,Bard,Bard,Travis Kelce,TE,,,
2025,7,6,54,Sco,Sco,Zay Flowers,WR,,,
2025,7,7,55,Hunter,Hunter,T.J. Hockenson,TE,,,
2025,7,8,56,Miner,Miner,D'Andre Swift,RB,,,
2025,8,1,57,Miner,Miner,Courtland Sutton,WR,,,
2025,8,2,58,Hunter,Hunter,Bo Nix,QB,,,
2025,8,3,59,Sco,Sco,David Montgomery,RB,,,
2025,8,4,60,Bard,Bard,Rashee Rice,WR,,,
2025,8,5,61,Muffin,Muffin,Calvin Ridley,WR,,,
2025,8,6,62,Jake,Jake,James Conner,RB,,,
2025,8,7,63,Kyle,Kyle,Isiah Pacheco,RB,,,
2025,8,8,64,Gary,Gary,David Njoku,TE,,,
2025,9,1,65,Gary,Gary,George Pickens,WR,,,
2025,9,2,66,Kyle,Kyle,Jaylen Waddle,WR,,,
2025,9,3,67,Jake,Jake,Jerry Jeudy,WR,,,
2025,9,4,68,Muffin,Muffin,Tetairoa McMillan,WR,,,
2025,9,5,69,Bard,Bard,Aaron Jones,RB,,,
2025,9,6,70,Sco,Sco,Travis Hunter,WR,,,
2025,9,7,71,Hunter,Hunter,DeVonta Smith,WR,,,
2025,9,8,72,Miner,Miner,RJ Harvey,RB,,,
2025,10,1,73,Miner,Miner,Joe Mixon,RB,,,
2025,10,2,74,Hunter,Hunter,Jameson Williams,WR,,,
2025,10,3,75,Sco,Sco,Tony Pollard,RB,,,
2025,10,4,76,Bard,Bard,Matthew Golden,WR,,,
2025,10,5,77,Muffin,Muffin,Tyrone Tracy,RB,,,
2025,10,6,78,Jake,Jake,Rome Odunze,WR,,,
2025,10,7,79,Kyle,Kyle,Stefon Diggs,WR,,,
2025,10,8,80,Gary,Gary,Cooper Kupp,WR,,,
2025,11,1,81,Gary,Gary,Jaylen Warren,RB,,,
2025,11,2,82,Kyle,Kyle,Brian Robinson,RB,,,
2025,11,3,83,Jake,Jake,Chris Olave,WR,,,
2025,11,4,84,Muffin,Muffin,Kaleb Johnson,RB,,,
2025,11,5,85,Bard,Bard,Rhamondre Stevenson,RB,,,
2025,11,6,86,Sco,Sco,Jakobi Meyers,WR,,,
2025,11,7,87,Hunter,Hunter,J.K. Dobbins,RB,,,
2025,11,8,88,Miner,Miner,Mark Andrews,TE,,,
2025,12,1,89,Miner,Miner,Khalil Shakir,WR,,,
2025,12,2,90,Hunter,Hunter,Deebo Samuel,WR,,,
2025,12,3,91,Sco,Sco,Chris Godwin,WR,,,
2025,12,4,92,Bard,Bard,Brandon Aubrey,K,,,
2025,12,5,93,Muffin,Muffin,Steelers,DEF,,,
2025,12,6,94,Jake,Jake,Quinshon Judkins,RB,,,
2025,12,7,95,Kyle,Kyle,Jake Bates,K,,,
2025,12,8,96,Gary,Gary,Chase McLaughlin,K,,,
2025,13,1,97,Gary,Gary,Texans,DEF,,,
2025,13,2,98,Kyle,Kyle,Broncos,DEF,,,
2025,13,3,99,Jake,Jake,Ravens ,DEF,,,
2025,13,4,100,Muffin,Muffin,Tyler Warren,TE,,,
2025,13,5,101,Bard,Bard,Eagles ,DEF,,,
2025,13,6,102,Sco,Sco,Vikings,DEF,,,
2025,13,7,103,Hunter,Hunter,Lions ,DEF,,,
2025,13,8,104,Miner,Miner,Harrison Butker,K,,,
2025,14,1,105,Miner,Miner,Patriots ,DEF,,,
2025,14,2,106,Hunter,Hunter,Cameron Dicker,K,,,
2025,14,3,107,Sco,Sco,Jake Elliott,K,,,
2025,14,4,108,Bard,Bard,Tank Bigsby,RB,,,
2025,14,5,109,Muffin,Muffin,Chris Boswell,K,,,
2025,14,6,110,Jake,Jake,Tyler Bass,K,,,
2025,14,7,111,Kyle,Kyle,Javonte Williams,RB,,,
2025,14,8,112,Gary,Gary,Jauan Jennings,WR,,,
2024,1,1,1,Hunter,Hunter,Christian McCaffrey,RB,,,
2024,1,2,2,Kyle,Kyle,Breece Hall,RB,,,
2024,1,3,3,Sco,Sco,Tyreek Hill,WR,,,
2024,1,4,4,Jake,Jake,Bijan Robinson,RB,,,
2024,1,5,5,Bard,Bard,Ja'Marr Chase,WR,,,
2024,1,6,6,Miner,Miner,Amon-Ra St. Brown,WR,,,
2024,1,7,7,Gary,Gary,CeeDee Lamb,WR,,,
2024,1,8,8,Muffin,Muffin,Justin Jefferson,WR,,,
2024,2,1,9,Hunter,Hunter,Isiah Pacheco,RB,,,
2024,2,2,10,Kyle,Kyle,Davante Adams,WR,,,
2024,2,3,11,Sco,Sco,Jahmyr Gibbs,RB,,,
2024,2,4,12,Jake,Jake,Garrett Wilson,WR,,,
2024,2,5,13,Bard,Bard,A.J. Brown,WR,,,
2024,2,6,14,Miner,Miner,Jonathan Taylor,RB,,,
2024,2,7,15,Gary,Gary,Puka Nacua,WR,,,
2024,2,8,16,Muffin,Muffin,Saquon Barkley,RB,,,
2024,3,1,17,Hunter,Hunter,Marvin Harrison,WR,,,
2024,3,2,18,Kyle,Kyle,Kyren Williams,RB,,,
2024,3,3,19,Sco,Sco,Michael Pittman Jr.,WR,,,
2024,3,4,20,Jake,Jake,Travis Etienne,RB,,,
2024,3,5,21,Bard,Bard,Chris Olave,WR,,,
2024,3,6,22,Miner,Miner,Drake London,WR,,,
2024,3,7,23,Gary,Gary,Malik Nabers,WR,,,
2024,3,8,24,Muffin,Muffin,Derrick Henry,RB,,,
2024,4,1,25,Hunter,Hunter,Cooper Kupp,WR,,,
2024,4,2,26,Kyle,Kyle,Travis Kelce,TE,,,
2024,4,3,27,Sco,Sco,Stefon Diggs,WR,,,
2024,4,4,28,Jake,Jake,Mike Evans,WR,,,
2024,4,5,29,Bard,Bard,De'Von Achane,RB,,,
2024,4,6,30,Miner,Miner,Joe Mixon,RB,,,
2024,4,7,31,Gary,Gary,Sam LaPorta,TE,,,
2024,4,8,32,Muffin,Muffin,DJ Moore,WR,,,
2024,5,1,33,Hunter,Hunter,Alvin Kamara,RB,,,
2024,5,2,34,Kyle,Kyle,James Cook,RB,,,
2024,5,3,35,Sco,Sco,Jalen Hurts,QB,,,
2024,5,4,36,Jake,Jake,Nico Collins,WR,,,
2024,5,5,37,Bard,Bard,Josh Jacobs,RB,,,
2024,5,6,38,Miner,Miner,Josh Allen,QB,,,
2024,5,7,39,Gary,Gary,Kenneth Walker,RB,,,
2024,5,8,40,Muffin,Muffin,Rachaad White,RB,,,
2024,6,1,41,Hunter,Hunter,DeVonta Smith,WR,,,
2024,6,2,42,Kyle,Kyle,Anthony Richardson,QB,,,
2024,6,3,43,Sco,Sco,Mark Andrews,TE,,,
2024,6,4,44,Jake,Jake,DK Metcalf,WR,,,
2024,6,5,45,Bard,Bard,Jaylen Waddle,WR,,,
2024,6,6,46,Miner,Miner,Zay Flowers,WR,,,
2024,6,7,47,Gary,Gary,Lamar Jackson,QB,,,
2024,6,8,48,Muffin,Muffin,Patrick Mahomes,QB,,,
2024,7,1,49,Hunter,Hunter,C.J. Stroud,QB,,,
2024,7,2,50,Kyle,Kyle,Deebo Samuel,WR,,,
2024,7,3,51,Sco,Sco,D'Andre Swift,RB,,,
2024,7,4,52,Jake,Jake,Brandon Aiyuk,WR,,,
2024,7,5,53,Bard,Bard,Chris Godwin,WR,,,
2024,7,6,54,Miner,Miner,Amari Cooper,WR,,,
2024,7,7,55,Gary,Gary,George Pickens,WR,,,
2024,7,8,56,Muffin,Muffin,Calvin Ridley,WR,,,
2024,8,1,57,Hunter,Hunter,Keenan Allen,WR,,,
2024,8,2,58,Kyle,Kyle,Diontae Johnson,WR,,,
2024,8,3,59,Sco,Sco,James Conner,RB,,,
2024,8,4,60,Jake,Jake,Aaron Jones,RB,,,
2024,8,5,61,Bard,Bard,Joe Burrow,QB,,,
2024,8,6,62,Miner,Miner,Rhamondre Stevenson,RB,,,
2024,8,7,63,Gary,Gary,Zamir White,RB,,,
2024,8,8,64,Muffin,Muffin,Evan Engram,TE,,,
2024,9,1,65,Hunter,Hunter,Dalton Kincaid,TE,,,
2024,9,2,66,Kyle,Kyle,Terry McLaurin,WR,,,
2024,9,3,67,Sco,Sco,DeAndre Hopkins,WR,,,
2024,9,4,68,Jake,Jake,Trey McBride,TE,,,
2024,9,5,69,Bard,Bard,George Kittle,TE,,,
2024,9,6,70,Miner,Miner,Rashee Rice,WR,,,
2024,9,7,71,Gary,Gary,Xavier Worthy,WR,,,
2024,9,8,72,Muffin,Muffin,Tee Higgins,WR,,,
2024,10,1,73,Hunter,Hunter,Raheem Mostert,RB,,,
2024,10,2,74,Kyle,Kyle,Brian Robinson,RB,,,
2024,10,3,75,Sco,Sco,Jaxon Smith-Njigba,WR,,,
2024,10,4,76,Jake,Jake,Najee Harris,RB,,,
2024,10,5,77,Bard,Bard,David Montgomery,RB,,,
2024,10,6,78,Miner,Miner,Jonathon Brooks,RB,,,
2024,10,7,79,Gary,Gary,Austin Ekeler,RB,,,
2024,10,8,80,Muffin,Muffin,Tank Dell,WR,,,
2024,11,1,81,Hunter,Hunter,Christian Watson,WR,,,
2024,11,2,82,Kyle,Kyle,Brandon Aubrey,K,,,
2024,11,3,83,Sco,Sco,Browns ,DEF,,,
2024,11,4,84,Jake,Jake,Devin Singletary,RB,,,
2024,11,5,85,Bard,Bard,Tony Pollard,RB,,,
2024,11,6,86,Miner,Miner,Christian Kirk,WR,,,
2024,11,7,87,Gary,Gary,Jaylen Warren,RB,,,
2024,11,8,88,Muffin,Muffin,Tyjae Spears,RB,,,
2024,12,1,89,Hunter,Hunter,Saints,DEF,,,
2024,12,2,90,Kyle,Kyle,49ers,DEF,,,
2024,12,3,91,Sco,Sco,Jake Elliott,K,,,
2024,12,4,92,Jake,Jake,Greg Zuerlein,K,,,
2024,12,5,93,Bard,Bard,Justin Tucker,K,,,
2024,12,6,94,Miner,Miner,Harrison Butker,K,,,
2024,12,7,95,Gary,Gary,Rome Odunze,WR,,,
2024,12,8,96,Muffin,Muffin,J.K. Dobbins,RB,,,
2024,13,1,97,Hunter,Hunter,Evan McPherson,K,,,
2024,13,2,98,Kyle,Kyle,Kyler Murray,QB,,,
2024,13,3,99,Sco,Sco,Javonte Williams,RB,,,
2024,13,4,100,Jake,Jake,Ravens ,DEF,,,
2024,13,5,101,Bard,Bard,Cowboys,DEF,,,
2024,13,6,102,Miner,Miner,Jets ,DEF,,,
2024,13,7,103,Gary,Gary,Steelers,DEF,,,
2024,13,8,104,Muffin,Muffin,Jake Bates,K,,,
2024,14,1,105,Hunter,Hunter,Adonai Mitchell,WR,,,
2024,14,2,106,Kyle,Kyle,David Njoku,TE,,,
2024,14,3,107,Sco,Sco,Marquise Brown,WR,,,
2024,14,4,108,Jake,Jake,Caleb Williams,QB,,,
2024,14,5,109,Bard,Bard,Nick Chubb,RB,,,
2024,14,6,110,Miner,Miner,Kyle Pitts,TE,,,
2024,14,7,111,Gary,Gary,Ka'imi Fairbairn,K,,,
2024,14,8,112,Muffin,Muffin,Bengals,DEF,,,
2023,1,1,1,Muffin,Muffin,Justin Jefferson,WR,,,
2023,1,2,2,Miner,Miner,Austin Ekeler,RB,,,
2023,1,3,3,Bard,Bard,Ja'Marr Chase,WR,,,
2023,1,4,4,Gary,Gary,Christian McCaffrey,RB,,,
2023,1,5,5,Jake,Jake,Bijan Robinson,RB,,,
2023,1,6,6,Sco,Sco,Travis Kelce,TE,,,
2023,1,7,7,Hunter,Hunter,Derrick Henry,RB,,,
2023,1,8,8,Kyle,Kyle,Tyreek Hill,WR,,,
2023,2,1,9,Kyle,Kyle,Nick Chubb,RB,,,
2023,2,2,10,Hunter,Hunter,Davante Adams,WR,,,
2023,2,3,11,Sco,Sco,Saquon Barkley,RB,,,
2023,2,4,12,Jake,Jake,Garrett Wilson,WR,,,
2023,2,5,13,Gary,Gary,Stefon Diggs,WR,,,
2023,2,6,14,Bard,Bard,Amon-Ra St. Brown,WR,,,
2023,2,7,15,Miner,Miner,Cooper Kupp,WR,,,
2023,2,8,16,Muffin,Muffin,CeeDee Lamb,WR,,,
2023,3,1,17,Muffin,Muffin,Josh Jacobs,RB,,,
2023,3,2,18,Miner,Miner,Tony Pollard,RB,,,
2023,3,3,19,Bard,Bard,A.J. Brown,WR,,,
2023,3,4,20,Gary,Gary,Patrick Mahomes,QB,,,
2023,3,5,21,Jake,Jake,Jaylen Waddle,WR,,,
2023,3,6,22,Sco,Sco,DK Metcalf,WR,,,
2023,3,7,23,Hunter,Hunter,Tee Higgins,WR,,,
2023,3,8,24,Kyle,Kyle,Chris Olave,WR,,,
2023,4,1,25,Kyle,Kyle,Joe Mixon,RB,,,
2023,4,2,26,Hunter,Hunter,Aaron Jones,RB,,,
2023,4,3,27,Sco,Sco,DeVonta Smith,WR,,,
2023,4,4,28,Jake,Jake,Travis Etienne,RB,,,
2023,4,5,29,Gary,Gary,Calvin Ridley,WR,,,
2023,4,6,30,Bard,Bard,Rhamondre Stevenson,RB,,,
2023,4,7,31,Miner,Miner,Najee Harris,RB,,,
2023,4,8,32,Muffin,Muffin,Jahmyr Gibbs,RB,,,
2023,5,1,33,Muffin,Muffin,Jalen Hurts,QB,,,
2023,5,2,34,Miner,Miner,Deebo Samuel,WR,,,
2023,5,3,35,Bard,Bard,Mark Andrews,TE,,,
2023,5,4,36,Gary,Gary,T.J. Hockenson,TE,,,
2023,5,5,37,Jake,Jake,Josh Allen,QB,,,
2023,5,6,38,Sco,Sco,Lamar Jackson,QB,,,
2023,5,7,39,Hunter,Hunter,Joe Burrow,QB,,,
2023,5,8,40,Kyle,Kyle,Darren Waller,TE,,,
2023,6,1,41,Kyle,Kyle,Justin Fields,QB,,,
2023,6,2,42,Hunter,Hunter,Keenan Allen,WR,,,
2023,6,3,43,Sco,Sco,Rachaad White,RB,,,
2023,6,4,44,Jake,Jake,Amari Cooper,WR,,,
2023,6,5,45,Gary,Gary,Dameon Pierce,RB,,,
2023,6,6,46,Bard,Bard,Alvin Kamara,RB,,,
2023,6,7,47,Miner,Miner,DeAndre Hopkins,WR,,,
2023,6,8,48,Muffin,Muffin,Christian Watson,WR,,,
2023,7,1,49,Muffin,Muffin,Kenneth Walker,RB,,,
2023,7,2,50,Miner,Miner,Alexander Mattison,RB,,,
2023,7,3,51,Bard,Bard,Mike Evans,WR,,,
2023,7,4,52,Gary,Gary,J.K. Dobbins,RB,,,
2023,7,5,53,Jake,Jake,Breece Hall,RB,,,
2023,7,6,54,Sco,Sco,Diontae Johnson,WR,,,
2023,7,7,55,Hunter,Hunter,DJ Moore,WR,,,
2023,7,8,56,Kyle,Kyle,Jahan Dotson,WR,,,
2023,8,1,57,Kyle,Kyle,Miles Sanders,RB,,,
2023,8,2,58,Hunter,Hunter,Javonte Williams,RB,,,
2023,8,3,59,Sco,Sco,Jonathan Taylor,RB,,,
2023,8,4,60,Jake,Jake,Kyle Pitts,TE,,,
2023,8,5,61,Gary,Gary,Chris Godwin,WR,,,
2023,8,6,62,Bard,Bard,David Montgomery,RB,,,
2023,8,7,63,Miner,Miner,Terry McLaurin,WR,,,
2023,8,8,64,Muffin,Muffin,George Kittle,TE,,,
2023,9,1,65,Muffin,Muffin,George Pickens,WR,,,
2023,9,2,66,Miner,Miner,James Cook,RB,,,
2023,9,3,67,Bard,Bard,Cam Akers,RB,,,
2023,9,4,68,Gary,Gary,Michael Pittman Jr.,WR,,,
2023,9,5,69,Jake,Jake,Jerry Jeudy,WR,,,
2023,9,6,70,Sco,Sco,Drake London,WR,,,
2023,9,7,71,Hunter,Hunter,Dalvin Cook,RB,,,
2023,9,8,72,Kyle,Kyle,Brandon Aiyuk,WR,,,
2023,10,1,73,Kyle,Kyle,D'Andre Swift,RB,,,
2023,10,2,74,Hunter,Hunter,Pat Freiermuth,TE,,,
2023,10,3,75,Sco,Sco,Isiah Pacheco,RB,,,
2023,10,4,76,Jake,Jake,James Conner,RB,,,
2023,10,5,77,Gary,Gary,Jaxon Smith-Njigba,WR,,,
2023,10,6,78,Bard,Bard,Dallas Goedert,TE,,,
2023,10,7,79,Miner,Miner,Evan Engram,TE,,,
2023,10,8,80,Muffin,Muffin,Brian Robinson,RB,,,
2023,11,1,81,Muffin,Muffin,Tyler Lockett,WR,,,
2023,11,2,82,Miner,Miner,Trevor Lawrence,QB,,,
2023,11,3,83,Bard,Bard,Mike Williams,WR,,,
2023,11,4,84,Gary,Gary,Khalil Herbert,RB,,,
2023,11,5,85,Jake,Jake,Skyy Moore,WR,,,
2023,11,6,86,Sco,Sco,Marquise Brown,WR,,,
2023,11,7,87,Hunter,Hunter,Christian Kirk,WR,,,
2023,11,8,88,Kyle,Kyle,Justin Tucker,K,,,
2023,12,1,89,Kyle,Kyle,49ers,DEF,,,
2023,12,2,90,Hunter,Hunter,Steelers,DEF,,,
2023,12,3,91,Sco,Sco,Antonio Gibson,RB,,,
2023,12,4,92,Jake,Jake,Jordan Addison,WR,,,
2023,12,5,93,Gary,Gary,Zay Flowers,WR,,,
2023,12,6,94,Bard,Bard,Daniel Carlson,K,,,
2023,12,7,95,Miner,Miner,Michael Thomas,WR,,,
2023,12,8,96,Muffin,Muffin,AJ Dillon,RB,,,
2023,13,1,97,Muffin,Muffin,Saints,DEF,,,
2023,13,2,98,Miner,Miner,Harrison Butker,K,,,
2023,13,3,99,Bard,Bard,Justin Herbert,QB,,,
2023,13,4,100,Gary,Gary,Jets ,DEF,,,
2023,13,5,101,Jake,Jake,Dolphins ,DEF,,,
2023,13,6,102,Sco,Sco,Bills,DEF,,,
2023,13,7,103,Hunter,Hunter,Evan McPherson,K,,,
2023,13,8,104,Kyle,Kyle,Deshaun Watson,QB,,,
2023,14,1,105,Kyle,Kyle,Courtland Sutton,WR,,,
2023,14,2,106,Hunter,Hunter,Anthony Richardson,QB,,,
2023,14,3,107,Sco,Sco,Jake Elliott,K,,,
2023,14,4,108,Jake,Jake,Graham Gano,K,,,
2023,14,5,109,Gary,Gary,Tyler Bass,K,,,
2023,14,6,110,Bard,Bard,Patriots ,DEF,,,
2023,14,7,111,Miner,Miner,Cowboys,DEF,,,
2023,14,8,112,Muffin,Muffin,Jason Myers,K,,,
2022,1,1,1,Jake,Jake,Jonathan Taylor,RB,,,
2022,1,2,2,Hunter,Hunter,Austin Ekeler,RB,,,
2022,1,3,3,Bard,Bard,Najee Harris,RB,,,
2022,1,4,4,Muffin,Muffin,Christian McCaffrey,RB,,,
2022,1,5,5,Gary,Gary,Cooper Kupp,WR,,,
2022,1,6,6,Sco,Sco,Ja'Marr Chase,WR,,,
2022,1,7,7,Miner,Miner,Derrick Henry,RB,,,
2022,1,8,8,Kyle,Kyle,Alvin Kamara,RB,,,
2022,2,1,9,Kyle,Kyle,Dalvin Cook,RB,,,
2022,2,2,10,Miner,Miner,Justin Jefferson,WR,,,
2022,2,3,11,Sco,Sco,Davante Adams,WR,,,
2022,2,4,12,Gary,Gary,Deebo Samuel,WR,,,
2022,2,5,13,Muffin,Muffin,D'Andre Swift,RB,,,
2022,2,6,14,Bard,Bard,Stefon Diggs,WR,,,
2022,2,7,15,Hunter,Hunter,James Conner,RB,,,
2022,2,8,16,Jake,Jake,Joe Mixon,RB,,,
2022,3,1,17,Jake,Jake,CeeDee Lamb,WR,,,
2022,3,2,18,Hunter,Hunter,Tyreek Hill,WR,,,
2022,3,3,19,Bard,Bard,Mark Andrews,TE,,,
2022,3,4,20,Muffin,Muffin,Travis Kelce,TE,,,
2022,3,5,21,Gary,Gary,Aaron Jones,RB,,,
2022,3,6,22,Sco,Sco,Leonard Fournette,RB,,,
2022,3,7,23,Miner,Miner,Javonte Williams,RB,,,
2022,3,8,24,Kyle,Kyle,Kyle Pitts,TE,,,
2022,4,1,25,Kyle,Kyle,Keenan Allen,WR,,,
2022,4,2,26,Miner,Miner,Mike Evans,WR,,,
2022,4,3,27,Sco,Sco,Cam Akers,RB,,,
2022,4,4,28,Gary,Gary,Nick Chubb,RB,,,
2022,4,5,29,Muffin,Muffin,A.J. Brown,WR,,,
2022,4,6,30,Bard,Bard,Saquon Barkley,RB,,,
2022,4,7,31,Hunter,Hunter,Mike Williams,WR,,,
2022,4,8,32,Jake,Jake,Tee Higgins,WR,,,
2022,5,1,33,Jake,Jake,Josh Allen,QB,,,
2022,5,2,34,Hunter,Hunter,Darren Waller,TE,,,
2022,5,3,35,Bard,Bard,Justin Herbert,QB,,,
2022,5,4,36,Muffin,Muffin,Terry McLaurin,WR,,,
2022,5,5,37,Gary,Gary,Patrick Mahomes,QB,,,
2022,5,6,38,Sco,Sco,Diontae Johnson,WR,,,
2022,5,7,39,Miner,Miner,David Montgomery,RB,,,
2022,5,8,40,Kyle,Kyle,Marquise Brown,WR,,,
2022,6,1,41,Kyle,Kyle,Lamar Jackson,QB,,,
2022,6,2,42,Miner,Miner,Michael Pittman Jr.,WR,,,
2022,6,3,43,Sco,Sco,Ezekiel Elliott,RB,,,
2022,6,4,44,Gary,Gary,Travis Etienne,RB,,,
2022,6,5,45,Muffin,Muffin,Jaylen Waddle,WR,,,
2022,6,6,46,Bard,Bard,DJ Moore,WR,,,
2022,6,7,47,Hunter,Hunter,Courtland Sutton,WR,,,
2022,6,8,48,Jake,Jake,Brandin Cooks,WR,,,
2022,7,1,49,Jake,Jake,Breece Hall,RB,,,
2022,7,2,50,Hunter,Hunter,Kyler Murray,QB,,,
2022,7,3,51,Bard,Bard,J.K. Dobbins,RB,,,
2022,7,4,52,Muffin,Muffin,Elijah Mitchell,RB,,,
2022,7,5,53,Gary,Gary,Amon-Ra St. Brown,WR,,,
2022,7,6,54,Sco,Sco,Jerry Jeudy,WR,,,
2022,7,7,55,Miner,Miner,T.J. Hockenson,TE,,,
2022,7,8,56,Kyle,Kyle,Devin Singletary,RB,,,
2022,8,1,57,Kyle,Kyle,Amari Cooper,WR,,,
2022,8,2,58,Miner,Miner,Josh Jacobs,RB,,,
2022,8,3,59,Sco,Sco,George Kittle,TE,,,
2022,8,4,60,Gary,Gary,Dalton Schultz,TE,,,
2022,8,5,61,Muffin,Muffin,Michael Thomas,WR,,,
2022,8,6,62,Bard,Bard,Allen Robinson II,WR,,,
2022,8,7,63,Hunter,Hunter,Adam Thielen,WR,,,
2022,8,8,64,Jake,Jake,Darnell Mooney,WR,,,
2022,9,1,65,Jake,Jake,Clyde Edwards-Helaire,RB,,,
2022,9,2,66,Hunter,Hunter,Cordarrelle Patterson,RB,,,
2022,9,3,67,Bard,Bard,Chris Godwin,WR,,,
2022,9,4,68,Muffin,Muffin,DK Metcalf,WR,,,
2022,9,5,69,Gary,Gary,Dameon Pierce,RB,,,
2022,9,6,70,Sco,Sco,Miles Sanders,RB,,,
2022,9,7,71,Miner,Miner,Russell Wilson,QB,,,
2022,9,8,72,Kyle,Kyle,Rashod Bateman,WR,,,
2022,10,1,73,Kyle,Kyle,Antonio Gibson,RB,,,
2022,10,2,74,Miner,Miner,JuJu Smith-Schuster,WR,,,
2022,10,3,75,Sco,Sco,Christian Kirk,WR,,,
2022,10,4,76,Gary,Gary,Gabe Davis,WR,,,
2022,10,5,77,Muffin,Muffin,Chase Edmonds,RB,,,
2022,10,6,78,Bard,Bard,AJ Dillon,RB,,,
2022,10,7,79,Hunter,Hunter,Tony Pollard,RB,,,
2022,10,8,80,Jake,Jake,Drake London,WR,,,
2022,11,1,81,Jake,Jake,Zach Ertz,TE,,,
2022,11,2,82,Hunter,Hunter,Hunter Renfrow,WR,,,
2022,11,3,83,Bard,Bard,Justin Tucker,K,,,
2022,11,4,84,Muffin,Muffin,Tom Brady,QB,,,
2022,11,5,85,Gary,Gary,Elijah Moore,WR,,,
2022,11,6,86,Sco,Sco,Rhamondre Stevenson,RB,,,
2022,11,7,87,Miner,Miner,DeAndre Hopkins,WR,,,
2022,11,8,88,Kyle,Kyle,Tyler Lockett,WR,,,
2022,12,1,89,Kyle,Kyle,Bills,DEF,,,
2022,12,2,90,Miner,Miner,Evan McPherson,K,,,
2022,12,3,91,Sco,Sco,Buccaneers ,DEF,,,
2022,12,4,92,Gary,Gary,Melvin Gordon III,RB,,,
2022,12,5,93,Muffin,Muffin,Damien Harris,RB,,,
2022,12,6,94,Bard,Bard,Ravens ,DEF,,,
2022,12,7,95,Hunter,Hunter,Kareem Hunt,RB,,,
2022,12,8,96,Jake,Jake,DeVonta Smith,WR,,,
2022,13,1,97,Muffin,Muffin,Daniel Carlson,K,,,
2022,13,2,98,Gary,Gary,49ers,DEF,,,
2022,13,3,99,Sco,Sco,Harrison Butker,K,,,
2022,13,4,100,Miner,Miner,Steelers,DEF,,,
2022,13,5,101,Kyle,Kyle,James Robinson,RB,,,
2022,13,6,102,Jake,Jake,Packers,DEF,,,
2022,13,7,103,Hunter,Hunter,Colts,DEF,,,
2022,13,8,104,Bard,Bard,Darrell Henderson Jr.,RB,,,
2022,14,1,105,Kyle,Kyle,Tyler Bass,K,,,
2022,14,2,106,Miner,Miner,Nyheim Hines,RB,,,
2022,14,3,107,Sco,Sco,Joe Burrow,QB,,,
2022,14,4,108,Gary,Gary,Greg Zuerlein,K,,,
2022,14,5,109,Muffin,Muffin,Cowboys,DEF,,,
2022,14,6,110,Bard,Bard,Brandon Aiyuk,WR,,,
2022,14,7,111,Hunter,Hunter,Brandon McManus,K,,,
2022,14,8,112,Jake,Jake,Matt Gay,K,,,
2021,1,1,1,Kyle,Kyle,Christian McCaffrey,RB,,,
2021,1,2,2,Sco,Sco,Dalvin Cook,RB,,,
2021,1,3,3,Hunter,Hunter,Alvin Kamara,RB,,,
2021,1,4,4,Gary,Gary,Derrick Henry,RB,,,
2021,1,5,5,Bard,Bard,Ezekiel Elliott,RB,,,
2021,1,6,6,Muffin,Muffin,Saquon Barkley,RB,,,
2021,1,7,7,Miner,Miner,Davante Adams,WR,,,
2021,1,8,8,Jake,Jake,Travis Kelce,TE,,,
2021,2,1,9,Jake,Jake,Jonathan Taylor,RB,,,
2021,2,2,10,Miner,Miner,Austin Ekeler,RB,,,
2021,2,3,11,Muffin,Muffin,Najee Harris,RB,,,
2021,2,4,12,Bard,Bard,Nick Chubb,RB,,,
2021,2,5,13,Gary,Gary,Aaron Jones,RB,,,
2021,2,6,14,Hunter,Hunter,Tyreek Hill,WR,,,
2021,2,7,15,Sco,Sco,Antonio Gibson,RB,,,
2021,2,8,16,Kyle,Kyle,Stefon Diggs,WR,,,
2021,3,1,17,Kyle,Kyle,Joe Mixon,RB,,,
2021,3,2,18,Sco,Sco,DeAndre Hopkins,WR,,,
2021,3,3,19,Hunter,Hunter,Justin Jefferson,WR,,,
2021,3,4,20,Gary,Gary,Darren Waller,TE,,,
2021,3,5,21,Bard,Bard,Calvin Ridley,WR,,,
2021,3,6,22,Muffin,Muffin,DK Metcalf,WR,,,
2021,3,7,23,Miner,Miner,Clyde Edwards-Helaire,RB,,,
2021,3,8,24,Jake,Jake,CeeDee Lamb,WR,,,
2021,4,1,25,Jake,Jake,James Robinson,RB,,,
2021,4,2,26,Miner,Miner,George Kittle,TE,,,
2021,4,3,27,Muffin,Muffin,A.J. Brown,WR,,,
2021,4,4,28,Bard,Bard,Terry McLaurin,WR,,,
2021,4,5,29,Gary,Gary,Keenan Allen,WR,,,
2021,4,6,30,Hunter,Hunter,Miles Sanders,RB,,,
2021,4,7,31,Sco,Sco,Allen Robinson II,WR,,,
2021,4,8,32,Kyle,Kyle,Amari Cooper,WR,,,
2021,5,1,33,Kyle,Kyle,Patrick Mahomes,QB,,,
2021,5,2,34,Sco,Sco,Josh Allen,QB,,,
2021,5,3,35,Hunter,Hunter,Mike Evans,WR,,,
2021,5,4,36,Gary,Gary,Kyler Murray,QB,,,
2021,5,5,37,Bard,Bard,Robert Woods,WR,,,
2021,5,6,38,Muffin,Muffin,David Montgomery,RB,,,
2021,5,7,39,Miner,Miner,Chris Carson,RB,,,
2021,5,8,40,Jake,Jake,Adam Thielen,WR,,,
2021,6,1,41,Jake,Jake,Aaron Rodgers,QB,,,
2021,6,2,42,Miner,Miner,Chris Godwin,WR,,,
2021,6,3,43,Muffin,Muffin,Cooper Kupp,WR,,,
2021,6,4,44,Bard,Bard,DJ Moore,WR,,,
2021,6,5,45,Gary,Gary,Tee Higgins,WR,,,
2021,6,6,46,Hunter,Hunter,Kyle Pitts,TE,,,
2021,6,7,47,Sco,Sco,T.J. Hockenson,TE,,,
2021,6,8,48,Kyle,Kyle,Tyler Lockett,WR,,,
2021,7,1,49,Kyle,Kyle,Mark Andrews,TE,,,
2021,7,2,50,Sco,Sco,Diontae Johnson,WR,,,
2021,7,3,51,Hunter,Hunter,Josh Jacobs,RB,,,
2021,7,4,52,Gary,Gary,Jerry Jeudy,WR,,,
2021,7,5,53,Bard,Bard,Dak Prescott,QB,,,
2021,7,6,54,Muffin,Muffin,Chase Edmonds,RB,,,
2021,7,7,55,Miner,Miner,Julio Jones,WR,,,
2021,7,8,56,Jake,Jake,D'Andre Swift,RB,,,
2021,8,1,57,Jake,Jake,Kenny Golladay,WR,,,
2021,8,2,58,Miner,Miner,Gus Edwards,RB,,,
2021,8,3,59,Muffin,Muffin,Damien Harris,RB,,,
2021,8,4,60,Bard,Bard,Kareem Hunt,RB,,,
2021,8,5,61,Gary,Gary,Myles Gaskin,RB,,,
2021,8,6,62,Hunter,Hunter,Brandon Aiyuk,WR,,,
2021,8,7,63,Sco,Sco,Javonte Williams,RB,,,
2021,8,8,64,Kyle,Kyle,Mike Davis,RB,,,
2021,9,1,65,Kyle,Kyle,William Fuller V,WR,,,
2021,9,2,66,Sco,Sco,Ja'Marr Chase,WR,,,
2021,9,3,67,Hunter,Hunter,Robby Anderson,WR,,,
2021,9,4,68,Gary,Gary,Corey Davis,WR,,,
2021,9,5,69,Bard,Bard,Michael Thomas,WR,,,
2021,9,6,70,Muffin,Muffin,Justin Herbert,QB,,,
2021,9,7,71,Miner,Miner,Odell Beckham Jr.,WR,,,
2021,9,8,72,Jake,Jake,Chase Claypool,WR,,,
2021,10,1,73,Jake,Jake,Raheem Mostert,RB,,,
2021,10,2,74,Miner,Miner,Lamar Jackson,QB,,,
2021,10,3,75,Muffin,Muffin,Logan Thomas,TE,,,
2021,10,4,76,Bard,Bard,Sony Michel,RB,,,
2021,10,5,77,Gary,Gary,Jonnu Smith,TE,,,
2021,10,6,78,Hunter,Hunter,Tom Brady,QB,,,
2021,10,7,79,Sco,Sco,Darrell Henderson Jr.,RB,,,
2021,10,8,80,Kyle,Kyle,Leonard Fournette,RB,,,
2021,11,1,81,Kyle,Kyle,JuJu Smith-Schuster,WR,,,
2021,11,2,82,Sco,Sco,Courtland Sutton,WR,,,
2021,11,3,83,Hunter,Hunter,Ronald Jones II,RB,,,
2021,11,4,84,Gary,Gary,Mike Williams,WR,,,
2021,11,5,85,Bard,Bard,Justin Tucker,K,,,
2021,11,6,86,Muffin,Muffin,Tyler Boyd,WR,,,
2021,11,7,87,Miner,Miner,Laviska Shenault Jr.,WR,,,
2021,11,8,88,Jake,Jake,Jaylen Waddle,WR,,,
2021,12,1,89,Jake,Jake,Harrison Butker,K,,,
2021,12,2,90,Miner,Miner,Buccaneers ,DEF,,,
2021,12,3,91,Muffin,Muffin,DJ Chark Jr.,WR,,,
2021,12,4,92,Bard,Bard,Trey Sermon,RB,,,
2021,12,5,93,Gary,Gary,James Conner,RB,,,
2021,12,6,94,Hunter,Hunter,Jarvis Landry,WR,,,
2021,12,7,95,Sco,Sco,Ravens ,DEF,,,
2021,12,8,96,Kyle,Kyle,Rams ,DEF,,,
2021,13,1,97,Kyle,Kyle,Younghoe Koo,K,,,
2021,13,2,98,Sco,Sco,Greg Zuerlein,K,,,
2021,13,3,99,Hunter,Hunter,Steelers,DEF,,,
2021,13,4,100,Gary,Gary,Browns ,DEF,,,
2021,13,5,101,Bard,Bard,Patriots ,DEF,,,
2021,13,6,102,Muffin,Muffin,Washington,DEF,,,
2021,13,7,103,Miner,Miner,Melvin Gordon III,RB,,,
2021,13,8,104,Jake,Jake,49ers,DEF,,,
2021,14,1,105,Jake,Jake,Nyheim Hines,RB,,,
2021,14,2,106,Miner,Miner,Graham Gano,K,,,
2021,14,3,107,Muffin,Muffin,Jason Sanders,K,,,
2021,14,4,108,Bard,Bard,Noah Fant,TE,,,
2021,14,5,109,Gary,Gary,Josh Lambo,K,,,
2021,14,6,110,Hunter,Hunter,Rodrigo Blankenship,K,,,
2021,14,7,111,Sco,Sco,Mac Jones,QB,,,
2021,14,8,112,Kyle,Kyle,Kenyan Drake,RB,,,
2020,1,1,1,Muffin,Muffin,Christian McCaffrey,RB,,,
2020,1,2,2,Gary,Gary,Saquon Barkley,RB,,,
2020,1,3,3,Bard,Bard,Ezekiel Elliott,RB,,,
2020,1,4,4,Hunter,Hunter,Dalvin Cook,RB,,,
2020,1,5,5,Sco,Sco,Alvin Kamara,RB,,,
2020,1,6,6,Miner,Miner,Michael Thomas,WR,,,
2020,1,7,7,Jake,Jake,Nick Chubb,RB,,,
2020,1,8,8,Kyle,Kyle,Davante Adams,WR,,,
2020,2,1,9,Kyle,Kyle,Miles Sanders,RB,,,
2020,2,2,10,Jake,Jake,Derrick Henry,RB,,,
2020,2,3,11,Miner,Miner,Josh Jacobs,RB,,,
2020,2,4,12,Sco,Sco,DeAndre Hopkins,WR,,,
2020,2,5,13,Hunter,Hunter,Julio Jones,WR,,,
2020,2,6,14,Bard,Bard,Aaron Jones,RB,,,
2020,2,7,15,Gary,Gary,Austin Ekeler,RB,,,
2020,2,8,16,Muffin,Muffin,Clyde Edwards-Helaire,RB,,,
2020,3,1,17,Muffin,Muffin,Chris Godwin,WR,,,
2020,3,2,18,Gary,Gary,Mike Evans,WR,,,
2020,3,3,19,Bard,Bard,Travis Kelce,TE,,,
2020,3,4,20,Hunter,Hunter,JuJu Smith-Schuster,WR,,,
2020,3,5,21,Sco,Sco,George Kittle,TE,,,
2020,3,6,22,Miner,Miner,Tyreek Hill,WR,,,
2020,3,7,23,Jake,Jake,Amari Cooper,WR,,,
2020,3,8,24,Kyle,Kyle,Kenyan Drake,RB,,,
2020,4,1,25,Kyle,Kyle,Odell Beckham Jr.,WR,,,
2020,4,2,26,Jake,Jake,Lamar Jackson,QB,,,
2020,4,3,27,Miner,Miner,Joe Mixon,RB,,,
2020,4,4,28,Sco,Sco,DJ Moore,WR,,,
2020,4,5,29,Hunter,Hunter,Todd Gurley,RB,,,
2020,4,6,30,Bard,Bard,Patrick Mahomes,QB,,,
2020,4,7,31,Gary,Gary,Deshaun Watson,QB,,,
2020,4,8,32,Muffin,Muffin,Adam Thielen,WR,,,
2020,5,1,33,Muffin,Muffin,Le'Veon Bell,RB,,,
2020,5,2,34,Gary,Gary,Tyler Lockett,WR,,,
2020,5,3,35,Bard,Bard,Robert Woods,WR,,,
2020,5,4,36,Hunter,Hunter,Zach Ertz,TE,,,
2020,5,5,37,Sco,Sco,Kenny Golladay,WR,,,
2020,5,6,38,Miner,Miner,A.J. Brown,WR,,,
2020,5,7,39,Jake,Jake,Courtland Sutton,WR,,,
2020,5,8,40,Kyle,Kyle,Kyler Murray,QB,,,
2020,6,1,41,Kyle,Kyle,Mark Andrews,TE,,,
2020,6,2,42,Jake,Jake,David Johnson,RB,,,
2020,6,3,43,Miner,Miner,Jonathan Taylor,RB,,,
2020,6,4,44,Sco,Sco,Leonard Fournette,RB,,,
2020,6,5,45,Hunter,Hunter,Keenan Allen,WR,,,
2020,6,6,46,Bard,Bard,James Conner,RB,,,
2020,6,7,47,Gary,Gary,Chris Carson,RB,,,
2020,6,8,48,Muffin,Muffin,Calvin Ridley,WR,,,
2020,7,1,49,Muffin,Muffin,Russell Wilson,QB,,,
2020,7,2,50,Gary,Gary,DJ Chark Jr.,WR,,,
2020,7,3,51,Bard,Bard,T.Y. Hilton,WR,,,
2020,7,4,52,Hunter,Hunter,Ronald Jones,RB,,,
2020,7,5,53,Sco,Sco,Dak Prescott,QB,,,
2020,7,6,54,Miner,Miner,Melvin Gordon III,RB,,,
2020,7,7,55,Jake,Jake,Cam Akers,RB,,,
2020,7,8,56,Kyle,Kyle,Kareem Hunt,RB,,,
2020,8,1,57,Kyle,Kyle,Stefon Diggs,WR,,,
2020,8,2,58,Jake,Jake,Davante Parker,WR,,,
2020,8,3,59,Miner,Miner,Darren Waller,TE,,,
2020,8,4,60,Sco,Sco,Jarvis Landry,WR,,,
2020,8,5,61,Hunter,Hunter,Drew Brees,QB,,,
2020,8,6,62,Bard,Bard,Allen Robinson II,WR,,,
2020,8,7,63,Gary,Gary,Hunter Henry,TE,,,
2020,8,8,64,Muffin,Muffin,Marquise Brown,WR,,,
2020,9,1,65,Muffin,Muffin,Rob Gronkowski,TE,,,
2020,9,2,66,Gary,Gary,Michael Gallup,WR,,,
2020,9,3,67,Bard,Bard,Cooper Kupp,WR,,,
2020,9,4,68,Hunter,Hunter,DK Metcalf,WR,,,
2020,9,5,69,Sco,Sco,David Montgomery,RB,,,
2020,9,6,70,Miner,Miner,Devin Singletary,RB,,,
2020,9,7,71,Jake,Jake,Tyler Higbee,TE,,,
2020,9,8,72,Kyle,Kyle,Steelers,DEF,,,
2020,10,1,73,Kyle,Kyle,Justin Tucker,K,,,
2020,10,2,74,Jake,Jake,A.J. Green,WR,,,
2020,10,3,75,Miner,Miner,Will Fuller V,WR,,,
2020,10,4,76,Sco,Sco,Tyler Boyd,WR,,,
2020,10,5,77,Hunter,Hunter,Mark Ingram,RB,,,
2020,10,6,78,Bard,Bard,James White,RB,,,
2020,10,7,79,Gary,Gary,Darius Slayton,WR,,,
2020,10,8,80,Muffin,Muffin,Raheem Mostert,RB,,,
2020,11,1,81,Muffin,Muffin,Tom Brady,QB,,,
2020,11,2,82,Gary,Gary,Jamison Crowder,WR,,,
2020,11,3,83,Bard,Bard,JK Dobbins,RB,,,
2020,11,4,84,Hunter,Hunter,Marvin Jones,WR,,,
2020,11,5,85,Sco,Sco,Kerryon Johnson,RB,,,
2020,11,6,86,Miner,Miner,Bills,DEF,,,
2020,11,7,87,Jake,Jake,D'Andre Swift,RB,,,
2020,11,8,88,Kyle,Kyle,Diontae Johnson,WR,,,
2020,12,1,89,Kyle,Kyle,Tevin Coleman,RB,,,
2020,12,2,90,Jake,Jake,49ers,DEF,,,
2020,12,3,91,Miner,Miner,Harrison Butker,K,,,
2020,12,4,92,Sco,Sco,Ravens ,DEF,,,
2020,12,5,93,Hunter,Hunter,Colts,DEF,,,
2020,12,6,94,Bard,Bard,Wil Lutz,K,,,
2020,12,7,95,Gary,Gary,Matt Prater,K,,,
2020,12,8,96,Muffin,Muffin,Evan Engram,TE,,,
2020,13,1,97,Muffin,Muffin,Patriots ,DEF,,,
2020,13,2,98,Gary,Gary,Bears,DEF,,,
2020,13,3,99,Bard,Bard,Julian Edelman,WR,,,
2020,13,4,100,Hunter,Hunter,Marlon Mack,RB,,,
2020,13,5,101,Sco,Sco,Joe Burrow,QB,,,
2020,13,6,102,Miner,Miner,Terry McLaurin,WR,,,
2020,13,7,103,Jake,Jake,Matt Gay,K,,,
2020,13,8,104,Kyle,Kyle,Cam Newton,QB,,,
2020,14,1,105,Kyle,Kyle,Robbie Gould,K,,,
2020,14,2,106,Jake,Jake,Carson Wentz,QB,,,
2020,14,3,107,Miner,Miner,Matt Ryan,QB,,,
2020,14,4,108,Sco,Sco,Greg Zuerlein,K,,,
2020,14,5,109,Hunter,Hunter,Chris Boswell,K,,,
2020,14,6,110,Bard,Bard,Broncos ,DEF,,,
2020,14,7,111,Gary,Gary,CeeDee Lamb,WR,,,
2020,14,8,112,Muffin,Muffin,Henry Ruggs,WR,,,
2020,15,1,113,Muffin,Muffin,Mason Crosby,K,,,
2020,15,2,114,Gary,Gary,Gardner Minshew II,QB ,,,
2020,15,3,115,Bard,Bard,Deebo Samuel,WR,,,
2020,15,4,116,Hunter,Hunter,Jerry Jeudy,WR,,,
2020,15,5,117,Sco,Sco,Hayden Hurst,TE,,,
2020,15,6,118,Miner,Miner,Aaron Rodgers,QB,,,
2020,15,7,119,Jake,Jake,Noah Fant,TE,,,
2020,15,8,120,Kyle,Kyle,Jordan Howard,RB,,,
2019,1,1,1,Gary,Gary,Saquon Barkley,RB,,,
2019,1,2,2,Jake,Jake,Christian McCaffrey,RB,,,
2019,1,3,3,Muffin,Muffin,Alvin Kamara,RB,,,
2019,1,4,4,Bard,Bard,Ezekiel Elliott,RB,,,
2019,1,5,5,Sco,Sco,DeAndre Hopkins,WR,,,
2019,1,6,6,Miner,Miner,Michael Thomas,WR,,,
2019,1,7,7,Kyle,Kyle,Le'Veon Bell,RB,,,
2019,1,8,8,Hunter,Hunter,Todd Gurley,RB,,,
2019,2,1,9,Hunter,Hunter,Tyreek Hill,WR,,,
2019,2,2,10,Kyle,Kyle,Davante Adams,WR,,,
2019,2,3,11,Miner,Miner,James Conner,RB,,,
2019,2,4,12,Sco,Sco,Julio Jones,WR,,,
2019,2,5,13,Bard,Bard,David Johnson,RB,,,
2019,2,6,14,Muffin,Muffin,JuJu Smith-Schuster,WR,,,
2019,2,7,15,Jake,Jake,Odell Beckham Jr.,WR,,,
2019,2,8,16,Gary,Gary,Antonio Brown,WR,,,
2019,3,1,17,Gary,Gary,Patrick Mahomes,QB,,,
2019,3,2,18,Jake,Jake,Joe Mixon,RB,,,
2019,3,3,19,Muffin,Muffin,Travis Kelce,TE,,,
2019,3,4,20,Bard,Bard,Nick Chubb,RB,,,
2019,3,5,21,Sco,Sco,Dalvin Cook,RB,,,
2019,3,6,22,Miner,Miner,Mike Evans,WR,,,
2019,3,7,23,Kyle,Kyle,Keenan Allen,WR,,,
2019,3,8,24,Hunter,Hunter,Leonard Fournette,RB,,,
2019,4,1,25,Hunter,Hunter,Zach Ertz,TE,,,
2019,4,2,26,Kyle,Kyle,Melvin Gordon III,RB,,,
2019,4,3,27,Miner,Miner,Devonta Freeman,RB,,,
2019,4,4,28,Sco,Sco,Julian Edelman,WR,,,
2019,4,5,29,Bard,Bard,Chris Carson,RB,,,
2019,4,6,30,Muffin,Muffin,Amari Cooper,WR,,,
2019,4,7,31,Jake,Jake,David Montgomery,RB,,,
2019,4,8,32,Gary,Gary,Brandin Cooks,WR,,,
2019,5,1,33,Gary,Gary,James White,RB,,,
2019,5,2,34,Jake,Jake,George Kittle,TE,,,
2019,5,3,35,Muffin,Muffin,Kerryon Johnson,RB,,,
2019,5,4,36,Bard,Bard,Stefon Diggs,WR,,,
2019,5,5,37,Sco,Sco,Derrick Henry,RB,,,
2019,5,6,38,Miner,Miner,Aaron Jones,RB,,,
2019,5,7,39,Kyle,Kyle,Mark Ingram,RB,,,
2019,5,8,40,Hunter,Hunter,T.Y. Hilton,WR,,,
2019,6,1,41,Hunter,Hunter,Josh Jacobs,RB,,,
2019,6,2,42,Kyle,Kyle,Adam Thielen,WR,,,
2019,6,3,43,Miner,Miner,Tyler Lockett,WR,,,
2019,6,4,44,Sco,Sco,Alshon Jeffery,WR,,,
2019,6,5,45,Bard,Bard,Robert Woods,WR,,,
2019,6,6,46,Muffin,Muffin,Cooper Kupp,WR,,,
2019,6,7,47,Jake,Jake,Josh Gordon,WR,,,
2019,6,8,48,Gary,Gary,Sterling Shepard,WR,,,
2019,7,1,49,Gary,Gary,O.J. Howard,TE,,,
2019,7,2,50,Jake,Jake,Chris Godwin,WR,,,
2019,7,3,51,Muffin,Muffin,Sony Michel,RB,,,
2019,7,4,52,Bard,Bard,Kenny Golladay,WR,,,
2019,7,5,53,Sco,Sco,Duke Johnson,RB,,,
2019,7,6,54,Miner,Miner,Allen Robinson II,WR,,,
2019,7,7,55,Kyle,Kyle,Cam Newton,QB,,,
2019,7,8,56,Hunter,Hunter,Mike Williams,WR,,,
2019,8,1,57,Hunter,Hunter,Aaron Rodgers,QB,,,
2019,8,2,58,Kyle,Kyle,Evan Engram,TE,,,
2019,8,3,59,Miner,Miner,Hunter Henry,TE,,,
2019,8,4,60,Sco,Sco,Derrius Guice,RB,,,
2019,8,5,61,Bard,Bard,Deshaun Watson,QB,,,
2019,8,6,62,Muffin,Muffin,Tyler Boyd,WR,,,
2019,8,7,63,Jake,Jake,Calvin Ridley,WR,,,
2019,8,8,64,Gary,Gary,Baker Mayfield,QB,,,
2019,9,1,65,Gary,Gary,Kenyan Drake,RB,,,
2019,9,2,66,Jake,Jake,Marlon Mack,RB,,,
2019,9,3,67,Muffin,Muffin,Tarik Cohen,RB,,,
2019,9,4,68,Bard,Bard,A.J. Green,WR,,,
2019,9,5,69,Sco,Sco,Jared Cook,TE,,,
2019,9,6,70,Miner,Miner,Sammy Watkins,WR,,,
2019,9,7,71,Kyle,Kyle,Jarvis Landry,WR,,,
2019,9,8,72,Hunter,Hunter,Phillip Lindsay,RB,,,
2019,10,1,73,Hunter,Hunter,Marvin Jones,WR,,,
2019,10,2,74,Kyle,Kyle,Tevin Coleman,RB,,,
2019,10,3,75,Miner,Miner,Damien Williams,RB,,,
2019,10,4,76,Sco,Sco,Matt Ryan,QB,,,
2019,10,5,77,Bard,Bard,Austin Ekeler,RB,,,
2019,10,6,78,Muffin,Muffin,DJ Moore,WR,,,
2019,10,7,79,Jake,Jake,Miles Sanders,RB,,,
2019,10,8,80,Gary,Gary,Robby Anderson,WR,,,
2019,11,1,81,Gary,Gary,Dede Westbrook,WR,,,
2019,11,2,82,Jake,Jake,Carson Wentz,QB,,,
2019,11,3,83,Muffin,Muffin,LeSean McCoy,RB,,,
2019,11,4,84,Bard,Bard,Christian Kirk,WR,,,
2019,11,5,85,Sco,Sco,Emmanuel Sanders,WR,,,
2019,11,6,86,Miner,Miner,Drew Brees,QB,,,
2019,11,7,87,Kyle,Kyle,Jared Goff,QB,,,
2019,11,8,88,Hunter,Hunter,Bears,DEF,,,
2019,12,1,89,Hunter,Hunter,Latavius Murray,RB,,,
2019,12,2,90,Kyle,Kyle,Justin Tucker,K,,,
2019,12,3,91,Miner,Miner,Jaguars ,DEF,,,
2019,12,4,92,Sco,Sco,Curtis Samuel,WR,,,
2019,12,5,93,Bard,Bard,Nyheim Hines,RB,,,
2019,12,6,94,Muffin,Muffin,Ben Roethlisberger,QB,,,
2019,12,7,95,Jake,Jake,Will Fuller,WR,,,
2019,12,8,96,Gary,Gary,Greg Zuerlein,K,,,
2019,13,1,97,Gary,Gary,Rams ,DEF,,,
2019,13,2,98,Jake,Jake,Wil Lutz,K,,,
2019,13,3,99,Muffin,Muffin,Eagles ,DEF,,,
2019,13,4,100,Bard,Bard,Stephen Gostkowski,K,,,
2019,13,5,101,Sco,Sco,Chargers ,DEF,,,
2019,13,6,102,Miner,Miner,Harrison Butker,K,,,
2019,13,7,103,Kyle,Kyle,Vikings,DEF,,,
2019,13,8,104,Hunter,Hunter,James Washington,WR,,,
2019,14,1,105,Hunter,Hunter,Ka'imi Fairbairn,K,,,
2019,14,2,106,Kyle,Kyle,Peyton Barber,RB,,,
2019,14,3,107,Miner,Miner,Matt Breida,RB,,,
2019,14,4,108,Sco,Sco,Darwin Thompson,RB,,,
2019,14,5,109,Bard,Bard,Patriots ,DEF,,,
2019,14,6,110,Muffin,Muffin,Kyler Murray,QB,,,
2019,14,7,111,Jake,Jake,Tom Brady,QB,,,
2019,14,8,112,Gary,Gary,Jamison Crowder,WR,,,
2019,15,1,113,Gary,Gary,Vance McDonald,TE,,,
2019,15,2,114,Jake,Jake,Bills,DEF,,,
2019,15,3,115,Muffin,Muffin,Adam Vinatieri,K,,,
2019,15,4,116,Bard,Bard,Jack Doyle,TE,,,
2019,15,5,117,Sco,Sco,Jake Elliott,K,,,
2019,15,6,118,Miner,Miner,Tony Pollard,RB,,,
2019,15,7,119,Kyle,Kyle,Larry Fitzgerald,WR,,,
2019,15,8,120,Hunter,Hunter,Jacoby Brissett,QB,,,
